date,jump,result
2026-03-10,1A,Landing
2026-03-10,1A,Landing
2026-03-10,1A,Landing
2026-03-10,1A,Landing
2026-03-10,1A,Landing
2026-03-10,1A,Landing
2026-03-10,1A,Landing
2026-03-10,1A,Landing
2026-03-10,1A,Landing
2026-03-10,2T,Landing
2026-03-10,2T,Touch down
2026-03-10,2T,Landing
2026-03-10,2T,Landing
2026-03-10,2T,Landing
2026-03-10,2T,Landing
2026-03-10,2T,Landing
2026-03-10,2T,Landing
2026-03-10,2T,Landing
2026-03-10,2S,Landing
2026-03-10,2S,Landing
2026-03-10,2S,Landing
2026-03-10,2S,Landing
2026-03-10,2S,Landing
2026-03-10,2S,Landing
2026-03-10,2S,Landing
2026-03-10,2Lo,Landing
2026-03-10,2Lo,Landing
2026-03-10,2Lo,Landing
2026-03-10,2Lo,Landing
2026-03-10,2Lo,Landing
2026-03-10,2Lo,Landing
2026-03-10,2Lo,Landing
2026-03-10,2F,Landing
2026-03-10,2F,Landing
2026-03-10,2F,Landing
2026-03-10,2F,Landing
2026-03-10,2F,Landing
2026-03-10,2F,Landing
2026-03-10,2Lz,Landing
2026-03-10,2Lz,Landing
2026-03-10,2Lz,Landing
2026-03-10,2Lz,Landing
2026-03-10,2Lz,Landing
2026-03-10,2Lz,Touch down
2026-03-10,2Lz,Landing
2026-03-10,2Lz,Landing
2026-03-10,2Lz,Landing
2026-03-10,2Lz,Touch down
2026-03-10,2A,Landing
2026-03-10,2A,Landing
2026-03-10,2A,Landing
2026-03-10,2A,Landing
2026-03-10,2A,Landing
2026-03-10,2A,Landing
2026-03-10,2A,Touch down
2026-03-10,2A,Landing
2026-03-10,3T,Landing
2026-03-10,3T,Touch down
2026-03-10,3T,Touch down
2026-03-10,3T,Landing
2026-03-10,3T,Landing
2026-03-10,3T,Landing
2026-03-10,3T,Landing
2026-03-10,3T,Landing
2026-03-10,3T,Landing
2026-03-10,3S,Landing
2026-03-10,3S,Landing
2026-03-10,3S,Landing
2026-03-10,3S,Landing
2026-03-10,3S,Landing
2026-03-10,3S,Landing
2026-03-11,1A,Landing
2026-03-11,1A,Landing
2026-03-11,1A,Landing
2026-03-11,1A,Landing
2026-03-11,1A,Landing
2026-03-11,1A,Landing
2026-03-11,1A,Landing
2026-03-11,1A,Landing
2026-03-11,1A,Landing
2026-03-11,1A,Landing
2026-03-11,1A,Landing
2026-03-11,2T,Landing
2026-03-11,2T,Landing
2026-03-11,2T,Landing
2026-03-11,2T,Landing
2026-03-11,2T,Landing
2026-03-11,2T,Landing
2026-03-11,2T,Landing
2026-03-11,2T,Landing
2026-03-11,2T,Landing
2026-03-11,2S,Landing
2026-03-11,2S,Landing
2026-03-11,2S,Landing
2026-03-11,2S,Landing
2026-03-11,2S,Landing
2026-03-11,2S,Landing
2026-03-11,2S,Landing
2026-03-11,2S,Landing
2026-03-11,2S,Landing
2026-03-11,2S,Landing
2026-03-11,2Lo,Landing
2026-03-11,2Lo,Landing
2026-03-11,2Lo,Landing
2026-03-11,2Lo,Landing
2026-03-11,2Lo,Landing
2026-03-11,2Lo,Landing
2026-03-11,2Lo,Landing
2026-03-11,2Lo,Landing
2026-03-11,2Lo,Landing
2026-03-11,2Lo,Fall
2026-03-11,2F,Landing
2026-03-11,2F,Landing
2026-03-11,2F,Touch down
2026-03-11,2F,Landing
2026-03-11,2F,Landing
2026-03-11,2F,Landing
2026-03-11,2F,Landing
2026-03-11,2F,Landing
2026-03-11,2Lz,Touch down
2026-03-11,2Lz,Landing
2026-03-11,2Lz,Landing
2026-03-11,2Lz,Landing
2026-03-11,2Lz,Landing
2026-03-11,2Lz,Landing
2026-03-11,2Lz,Landing
2026-03-11,2Lz,Fall
2026-03-11,2Lz,Landing
2026-03-11,2Lz,Landing
2026-03-11,2A,Landing
2026-03-11,2A,Landing
2026-03-11,2A,Landing
2026-03-11,2A,Fall
2026-03-11,2A,Landing
2026-03-11,2A,Landing
2026-03-11,3T,Landing
2026-03-11,3T,Touch down
2026-03-11,3T,Landing
2026-03-11,3T,Landing
2026-03-11,3T,Touch down
2026-03-11,3T,Landing
2026-03-11,3T,Landing
2026-03-11,3T,Landing
2026-03-11,3T,Landing
2026-03-11,3T,Fall
2026-03-11,3T,Touch down
2026-03-11,3T,Landing
2026-03-11,3S,Landing
2026-03-11,3S,Landing
2026-03-11,3S,Landing
2026-03-11,3S,Landing
2026-03-11,3S,Landing
2026-03-11,3S,Landing
2026-03-11,3S,Landing
2026-03-11,3S,Landing
2026-03-12,1A,Landing
2026-03-12,1A,Landing
2026-03-12,1A,Landing
2026-03-12,1A,Landing
2026-03-12,1A,Landing
2026-03-12,1A,Landing
2026-03-12,1A,Landing
2026-03-12,2T,Landing
2026-03-12,2T,Landing
2026-03-12,2T,Landing
2026-03-12,2T,Landing
2026-03-12,2T,Landing
2026-03-12,2T,Fall
2026-03-12,2S,Landing
2026-03-12,2S,Landing
2026-03-12,2S,Landing
2026-03-12,2S,Landing
2026-03-12,2S,Landing
2026-03-12,2S,Landing
2026-03-12,2S,Landing
2026-03-12,2S,Landing
2026-03-12,2Lo,Landing
2026-03-12,2Lo,Landing
2026-03-12,2Lo,Landing
2026-03-12,2Lo,Landing
2026-03-12,2Lo,Landing
2026-03-12,2Lo,Landing
2026-03-12,2Lo,Landing
2026-03-12,2Lo,Landing
2026-03-12,2F,Landing
2026-03-12,2F,Touch down
2026-03-12,2F,Landing
2026-03-12,2F,Landing
2026-03-12,2F,Landing
2026-03-12,2F,Landing
2026-03-12,2Lz,Fall
2026-03-12,2Lz,Landing
2026-03-12,2Lz,Landing
2026-03-12,2Lz,Landing
2026-03-12,2Lz,Landing
2026-03-12,2Lz,Landing
2026-03-12,2Lz,Landing
2026-03-12,2Lz,Touch down
2026-03-12,2Lz,Landing
2026-03-12,2A,Landing
2026-03-12,2A,Touch down
2026-03-12,2A,Landing
2026-03-12,2A,Landing
2026-03-12,2A,Landing
2026-03-12,2A,Landing
2026-03-12,3T,Landing
2026-03-12,3T,Touch down
2026-03-12,3T,Touch down
2026-03-12,3T,Landing
2026-03-12,3T,Landing
2026-03-12,3T,Landing
2026-03-12,3S,Landing
2026-03-12,3S,Landing
2026-03-12,3S,Landing
2026-03-12,3S,Landing
2026-03-12,3S,Landing
2026-03-12,3S,Landing
2026-03-12,3S,Landing
2026-03-13,1A,Landing
2026-03-13,1A,Landing
2026-03-13,1A,Landing
2026-03-13,1A,Landing
2026-03-13,1A,Landing
2026-03-13,1A,Landing
2026-03-13,2T,Landing
2026-03-13,2T,Landing
2026-03-13,2T,Landing
2026-03-13,2T,Landing
2026-03-13,2T,Fall
2026-03-13,2T,Landing
2026-03-13,2T,Landing
2026-03-13,2S,Landing
2026-03-13,2S,Landing
2026-03-13,2S,Landing
2026-03-13,2S,Landing
2026-03-13,2S,Landing
2026-03-13,2S,Landing
2026-03-13,2S,Landing
2026-03-13,2S,Landing
2026-03-13,2Lo,Landing
2026-03-13,2Lo,Landing
2026-03-13,2Lo,Landing
2026-03-13,2Lo,Landing
2026-03-13,2Lo,Landing
2026-03-13,2Lo,Landing
2026-03-13,2Lo,Landing
2026-03-13,2Lo,Landing
2026-03-13,2F,Landing
2026-03-13,2F,Landing
2026-03-13,2F,Touch down
2026-03-13,2F,Landing
2026-03-13,2F,Landing
2026-03-13,2F,Landing
2026-03-13,2F,Landing
2026-03-13,2F,Landing
2026-03-13,2F,Landing
2026-03-13,2Lz,Landing
2026-03-13,2Lz,Landing
2026-03-13,2Lz,Landing
2026-03-13,2Lz,Landing
2026-03-13,2Lz,Fall
2026-03-13,2Lz,Landing
2026-03-13,2Lz,Landing
2026-03-13,2Lz,Landing
2026-03-13,2Lz,Landing
2026-03-13,2Lz,Landing
2026-03-13,2Lz,Touch down
2026-03-13,2A,Landing
2026-03-13,2A,Landing
2026-03-13,2A,Landing
2026-03-13,2A,Landing
2026-03-13,2A,Landing
2026-03-13,2A,Landing
2026-03-13,2A,Touch down
2026-03-13,2A,Landing
2026-03-13,2A,Landing
2026-03-13,2A,Landing
2026-03-13,3T,Landing
2026-03-13,3T,Touch down
2026-03-13,3T,Landing
2026-03-13,3T,Landing
2026-03-13,3T,Touch down
2026-03-13,3T,Landing
2026-03-13,3T,Landing
2026-03-13,3T,Landing
2026-03-13,3T,Fall
2026-03-13,3S,Landing
2026-03-13,3S,Landing
2026-03-13,3S,Landing
2026-03-13,3S,Landing
2026-03-13,3S,Landing
2026-03-13,3S,Landing
2026-03-13,3S,Landing
2026-03-13,3S,Landing
2026-03-13,3S,Landing
2026-03-13,3S,Landing
2026-03-14,1A,Landing
2026-03-14,1A,Landing
2026-03-14,1A,Landing
2026-03-14,1A,Landing
2026-03-14,1A,Landing
2026-03-14,1A,Landing
2026-03-14,1A,Landing
2026-03-14,1A,Landing
2026-03-14,1A,Landing
2026-03-14,1A,Landing
2026-03-14,2T,Landing
2026-03-14,2T,Landing
2026-03-14,2T,Landing
2026-03-14,2T,Landing
2026-03-14,2T,Landing
2026-03-14,2T,Landing
2026-03-14,2T,Landing
2026-03-14,2T,Landing
2026-03-14,2T,Landing
2026-03-14,2T,Landing
2026-03-14,2T,Landing
2026-03-14,2T,Landing
2026-03-14,2T,Landing
2026-03-14,2S,Landing
2026-03-14,2S,Landing
2026-03-14,2S,Landing
2026-03-14,2S,Landing
2026-03-14,2S,Landing
2026-03-14,2S,Landing
2026-03-14,2S,Landing
2026-03-14,2S,Landing
2026-03-14,2S,Landing
2026-03-14,2S,Landing
2026-03-14,2S,Landing
2026-03-14,2Lo,Landing
2026-03-14,2Lo,Landing
2026-03-14,2Lo,Landing
2026-03-14,2Lo,Touch down
2026-03-14,2Lo,Landing
2026-03-14,2Lo,Landing
2026-03-14,2Lo,Landing
2026-03-14,2Lo,Landing
2026-03-14,2Lo,Landing
2026-03-14,2F,Landing
2026-03-14,2F,Touch down
2026-03-14,2F,Landing
2026-03-14,2F,Landing
2026-03-14,2F,Landing
2026-03-14,2F,Landing
2026-03-14,2F,Landing
2026-03-14,2F,Landing
2026-03-14,2F,Landing
2026-03-14,2Lz,Landing
2026-03-14,2Lz,Touch down
2026-03-14,2Lz,Landing
2026-03-14,2Lz,Touch down
2026-03-14,2Lz,Landing
2026-03-14,2Lz,Landing
2026-03-14,2Lz,Landing
2026-03-14,2Lz,Landing
2026-03-14,2Lz,Landing
2026-03-14,2A,Landing
2026-03-14,2A,Landing
2026-03-14,2A,Landing
2026-03-14,2A,Touch down
2026-03-14,2A,Fall
2026-03-14,2A,Landing
2026-03-14,2A,Landing
2026-03-14,2A,Landing
2026-03-14,2A,Landing
2026-03-14,2A,Landing
2026-03-14,2A,Landing
2026-03-14,2A,Landing
2026-03-14,2A,Landing
2026-03-14,2A,Landing
2026-03-14,3T,Landing
2026-03-14,3T,Landing
2026-03-14,3T,Landing
2026-03-14,3T,Touch down
2026-03-14,3T,Landing
2026-03-14,3T,Landing
2026-03-14,3T,Landing
2026-03-14,3T,Fall
2026-03-14,3T,Touch down
2026-03-14,3T,Landing
2026-03-14,3T,Landing
2026-03-14,3T,Touch down
2026-03-14,3T,Landing
2026-03-14,3S,Landing
2026-03-14,3S,Landing
2026-03-14,3S,Landing
2026-03-14,3S,Landing
2026-03-14,3S,Landing
2026-03-14,3S,Landing
2026-03-14,3S,Landing
2026-03-14,3S,Landing
2026-03-15,1A,Landing
2026-03-15,1A,Landing
2026-03-15,1A,Landing
2026-03-15,1A,Landing
2026-03-15,1A,Landing
2026-03-15,1A,Landing
2026-03-15,1A,Landing
2026-03-15,1A,Landing
2026-03-15,2T,Landing
2026-03-15,2T,Landing
2026-03-15,2T,Landing
2026-03-15,2T,Landing
2026-03-15,2T,Touch down
2026-03-15,2T,Landing
2026-03-15,2S,Landing
2026-03-15,2S,Landing
2026-03-15,2S,Landing
2026-03-15,2S,Landing
2026-03-15,2S,Landing
2026-03-15,2S,Landing
2026-03-15,2S,Landing
2026-03-15,2Lo,Landing
2026-03-15,2Lo,Landing
2026-03-15,2Lo,Landing
2026-03-15,2Lo,Touch down
2026-03-15,2Lo,Landing
2026-03-15,2Lo,Landing
2026-03-15,2Lo,Landing
2026-03-15,2Lo,Landing
2026-03-15,2F,Landing
2026-03-15,2F,Landing
2026-03-15,2F,Landing
2026-03-15,2F,Landing
2026-03-15,2F,Landing
2026-03-15,2F,Touch down
2026-03-15,2Lz,Landing
2026-03-15,2Lz,Fall
2026-03-15,2Lz,Landing
2026-03-15,2Lz,Landing
2026-03-15,2Lz,Landing
2026-03-15,2Lz,Landing
2026-03-15,2Lz,Landing
2026-03-15,2A,Landing
2026-03-15,2A,Landing
2026-03-15,2A,Landing
2026-03-15,2A,Touch down
2026-03-15,2A,Landing
2026-03-15,2A,Landing
2026-03-15,2A,Landing
2026-03-15,3T,Landing
2026-03-15,3T,Touch down
2026-03-15,3T,Landing
2026-03-15,3T,Landing
2026-03-15,3T,Landing
2026-03-15,3T,Landing
2026-03-15,3T,Fall
2026-03-15,3S,Landing
2026-03-15,3S,Landing
2026-03-15,3S,Landing
2026-03-15,3S,Landing
2026-03-15,3S,Landing
2026-03-15,3S,Landing
2026-03-16,1A,Landing
2026-03-16,1A,Landing
2026-03-16,1A,Landing
2026-03-16,1A,Landing
2026-03-16,1A,Landing
2026-03-16,1A,Landing
2026-03-16,1A,Landing
2026-03-16,1A,Landing
2026-03-16,2T,Landing
2026-03-16,2T,Landing
2026-03-16,2T,Landing
2026-03-16,2T,Landing
2026-03-16,2T,Landing
2026-03-16,2T,Landing
2026-03-16,2S,Landing
2026-03-16,2S,Landing
2026-03-16,2S,Landing
2026-03-16,2S,Landing
2026-03-16,2S,Landing
2026-03-16,2S,Landing
2026-03-16,2S,Landing
2026-03-16,2S,Landing
2026-03-16,2Lo,Landing
2026-03-16,2Lo,Landing
2026-03-16,2Lo,Landing
2026-03-16,2Lo,Landing
2026-03-16,2Lo,Landing
2026-03-16,2Lo,Landing
2026-03-16,2Lo,Landing
2026-03-16,2F,Landing
2026-03-16,2F,Landing
2026-03-16,2F,Landing
2026-03-16,2F,Landing
2026-03-16,2F,Landing
2026-03-16,2F,Landing
2026-03-16,2F,Landing
2026-03-16,2Lz,Landing
2026-03-16,2Lz,Landing
2026-03-16,2Lz,Touch down
2026-03-16,2Lz,Landing
2026-03-16,2Lz,Touch down
2026-03-16,2Lz,Landing
2026-03-16,2A,Landing
2026-03-16,2A,Landing
2026-03-16,2A,Landing
2026-03-16,2A,Landing
2026-03-16,2A,Landing
2026-03-16,2A,Landing
2026-03-16,2A,Landing
2026-03-16,2A,Fall
2026-03-16,2A,Landing
2026-03-16,2A,Touch down
2026-03-16,3T,Landing
2026-03-16,3T,Fall
2026-03-16,3T,Landing
2026-03-16,3T,Landing
2026-03-16,3T,Landing
2026-03-16,3T,Landing
2026-03-16,3T,Touch down
2026-03-16,3S,Landing
2026-03-16,3S,Landing
2026-03-16,3S,Landing
2026-03-16,3S,Landing
2026-03-16,3S,Landing
2026-03-16,3S,Landing
2026-03-16,3S,Landing
2026-03-16,3S,Landing
2026-03-17,1A,Landing
2026-03-17,1A,Landing
2026-03-17,1A,Landing
2026-03-17,1A,Landing
2026-03-17,1A,Landing
2026-03-17,1A,Landing
2026-03-17,1A,Landing
2026-03-17,2T,Landing
2026-03-17,2T,Landing
2026-03-17,2T,Landing
2026-03-17,2T,Landing
2026-03-17,2T,Landing
2026-03-17,2T,Landing
2026-03-17,2T,Landing
2026-03-17,2T,Landing
2026-03-17,2S,Landing
2026-03-17,2S,Landing
2026-03-17,2S,Landing
2026-03-17,2S,Landing
2026-03-17,2S,Landing
2026-03-17,2S,Landing
2026-03-17,2S,Landing
2026-03-17,2S,Landing
2026-03-17,2S,Landing
2026-03-17,2S,Landing
2026-03-17,2Lo,Landing
2026-03-17,2Lo,Landing
2026-03-17,2Lo,Landing
2026-03-17,2Lo,Landing
2026-03-17,2Lo,Fall
2026-03-17,2Lo,Landing
2026-03-17,2Lo,Landing
2026-03-17,2F,Landing
2026-03-17,2F,Landing
2026-03-17,2F,Fall
2026-03-17,2F,Landing
2026-03-17,2F,Landing
2026-03-17,2F,Landing
2026-03-17,2F,Landing
2026-03-17,2Lz,Landing
2026-03-17,2Lz,Landing
2026-03-17,2Lz,Landing
2026-03-17,2Lz,Landing
2026-03-17,2Lz,Landing
2026-03-17,2Lz,Touch down
2026-03-17,2Lz,Landing
2026-03-17,2A,Landing
2026-03-17,2A,Landing
2026-03-17,2A,Landing
2026-03-17,2A,Landing
2026-03-17,2A,Landing
2026-03-17,2A,Landing
2026-03-17,2A,Landing
2026-03-17,2A,Touch down
2026-03-17,3T,Landing
2026-03-17,3T,Fall
2026-03-17,3T,Landing
2026-03-17,3T,Landing
2026-03-17,3T,Landing
2026-03-17,3T,Touch down
2026-03-17,3T,Landing
2026-03-17,3T,Landing
2026-03-17,3T,Touch down
2026-03-17,3S,Landing
2026-03-17,3S,Landing
2026-03-17,3S,Landing
2026-03-17,3S,Landing
2026-03-17,3S,Landing
2026-03-17,3S,Landing
2026-03-17,3S,Landing
2026-03-18,1A,Landing
2026-03-18,1A,Landing
2026-03-18,1A,Landing
2026-03-18,1A,Landing
2026-03-18,1A,Landing
2026-03-18,1A,Landing
2026-03-18,2T,Landing
2026-03-18,2T,Landing
2026-03-18,2T,Landing
2026-03-18,2T,Landing
2026-03-18,2T,Landing
2026-03-18,2T,Landing
2026-03-18,2T,Touch down
2026-03-18,2T,Landing
2026-03-18,2T,Landing
2026-03-18,2S,Landing
2026-03-18,2S,Landing
2026-03-18,2S,Landing
2026-03-18,2S,Landing
2026-03-18,2S,Landing
2026-03-18,2S,Landing
2026-03-18,2S,Landing
2026-03-18,2S,Landing
2026-03-18,2S,Landing
2026-03-18,2Lo,Landing
2026-03-18,2Lo,Landing
2026-03-18,2Lo,Landing
2026-03-18,2Lo,Landing
2026-03-18,2Lo,Landing
2026-03-18,2Lo,Landing
2026-03-18,2Lo,Landing
2026-03-18,2Lo,Landing
2026-03-18,2Lo,Landing
2026-03-18,2F,Landing
2026-03-18,2F,Landing
2026-03-18,2F,Landing
2026-03-18,2F,Landing
2026-03-18,2F,Landing
2026-03-18,2F,Landing
2026-03-18,2F,Landing
2026-03-18,2Lz,Touch down
2026-03-18,2Lz,Landing
2026-03-18,2Lz,Landing
2026-03-18,2Lz,Landing
2026-03-18,2Lz,Touch down
2026-03-18,2Lz,Landing
2026-03-18,2Lz,Landing
2026-03-18,2A,Landing
2026-03-18,2A,Landing
2026-03-18,2A,Landing
2026-03-18,2A,Landing
2026-03-18,2A,Fall
2026-03-18,2A,Landing
2026-03-18,3T,Touch down
2026-03-18,3T,Landing
2026-03-18,3T,Landing
2026-03-18,3T,Landing
2026-03-18,3T,Touch down
2026-03-18,3T,Landing
2026-03-18,3T,Landing
2026-03-18,3S,Landing
2026-03-18,3S,Landing
2026-03-18,3S,Landing
2026-03-18,3S,Landing
2026-03-18,3S,Landing
2026-03-18,3S,Landing
2026-03-19,1A,Landing
2026-03-19,1A,Landing
2026-03-19,1A,Landing
2026-03-19,1A,Landing
2026-03-19,1A,Landing
2026-03-19,1A,Landing
2026-03-19,1A,Landing
2026-03-19,1A,Landing
2026-03-19,2T,Touch down
2026-03-19,2T,Landing
2026-03-19,2T,Landing
2026-03-19,2T,Landing
2026-03-19,2T,Landing
2026-03-19,2T,Landing
2026-03-19,2T,Landing
2026-03-19,2T,Landing
2026-03-19,2T,Landing
2026-03-19,2T,Landing
2026-03-19,2S,Landing
2026-03-19,2S,Landing
2026-03-19,2S,Landing
2026-03-19,2S,Landing
2026-03-19,2S,Landing
2026-03-19,2S,Landing
2026-03-19,2S,Landing
2026-03-19,2S,Landing
2026-03-19,2S,Landing
2026-03-19,2Lo,Landing
2026-03-19,2Lo,Touch down
2026-03-19,2Lo,Landing
2026-03-19,2Lo,Landing
2026-03-19,2Lo,Landing
2026-03-19,2Lo,Landing
2026-03-19,2Lo,Landing
2026-03-19,2F,Landing
2026-03-19,2F,Landing
2026-03-19,2F,Landing
2026-03-19,2F,Landing
2026-03-19,2F,Touch down
2026-03-19,2F,Landing
2026-03-19,2F,Landing
2026-03-19,2F,Landing
2026-03-19,2F,Landing
2026-03-19,2F,Landing
2026-03-19,2F,Touch down
2026-03-19,2Lz,Touch down
2026-03-19,2Lz,Landing
2026-03-19,2Lz,Landing
2026-03-19,2Lz,Landing
2026-03-19,2Lz,Landing
2026-03-19,2Lz,Landing
2026-03-19,2Lz,Landing
2026-03-19,2Lz,Touch down
2026-03-19,2A,Landing
2026-03-19,2A,Landing
2026-03-19,2A,Landing
2026-03-19,2A,Landing
2026-03-19,2A,Landing
2026-03-19,2A,Landing
2026-03-19,2A,Landing
2026-03-19,2A,Landing
2026-03-19,2A,Landing
2026-03-19,2A,Touch down
2026-03-19,2A,Landing
2026-03-19,3T,Landing
2026-03-19,3T,Touch down
2026-03-19,3T,Touch down
2026-03-19,3T,Landing
2026-03-19,3T,Landing
2026-03-19,3T,Landing
2026-03-19,3T,Landing
2026-03-19,3T,Landing
2026-03-19,3T,Landing
2026-03-19,3T,Landing
2026-03-19,3T,Fall
2026-03-19,3S,Landing
2026-03-19,3S,Landing
2026-03-19,3S,Landing
2026-03-19,3S,Landing
2026-03-19,3S,Landing
2026-03-19,3S,Landing
2026-03-19,3S,Landing
2026-03-19,3S,Landing
2026-03-19,3S,Landing
2026-03-19,3S,Landing
2026-03-20,1A,Landing
2026-03-20,1A,Landing
2026-03-20,1A,Landing
2026-03-20,1A,Landing
2026-03-20,1A,Landing
2026-03-20,1A,Landing
2026-03-20,1A,Landing
2026-03-20,2T,Landing
2026-03-20,2T,Landing
2026-03-20,2T,Landing
2026-03-20,2T,Landing
2026-03-20,2T,Landing
2026-03-20,2T,Landing
2026-03-20,2T,Landing
2026-03-20,2T,Landing
2026-03-20,2S,Landing
2026-03-20,2S,Landing
2026-03-20,2S,Landing
2026-03-20,2S,Landing
2026-03-20,2S,Landing
2026-03-20,2S,Landing
2026-03-20,2S,Landing
2026-03-20,2S,Landing
2026-03-20,2S,Landing
2026-03-20,2S,Landing
2026-03-20,2Lo,Landing
2026-03-20,2Lo,Landing
2026-03-20,2Lo,Landing
2026-03-20,2Lo,Landing
2026-03-20,2Lo,Landing
2026-03-20,2Lo,Landing
2026-03-20,2Lo,Landing
2026-03-20,2Lo,Landing
2026-03-20,2Lo,Landing
2026-03-20,2Lo,Landing
2026-03-20,2Lo,Landing
2026-03-20,2F,Landing
2026-03-20,2F,Fall
2026-03-20,2F,Landing
2026-03-20,2F,Landing
2026-03-20,2F,Landing
2026-03-20,2F,Landing
2026-03-20,2F,Landing
2026-03-20,2F,Landing
2026-03-20,2F,Landing
2026-03-20,2F,Landing
2026-03-20,2F,Landing
2026-03-20,2Lz,Fall
2026-03-20,2Lz,Landing
2026-03-20,2Lz,Landing
2026-03-20,2Lz,Touch down
2026-03-20,2Lz,Landing
2026-03-20,2Lz,Landing
2026-03-20,2Lz,Landing
2026-03-20,2Lz,Landing
2026-03-20,2Lz,Landing
2026-03-20,2Lz,Landing
2026-03-20,2A,Landing
2026-03-20,2A,Landing
2026-03-20,2A,Landing
2026-03-20,2A,Landing
2026-03-20,2A,Fall
2026-03-20,2A,Landing
2026-03-20,2A,Landing
2026-03-20,2A,Landing
2026-03-20,3T,Landing
2026-03-20,3T,Landing
2026-03-20,3T,Landing
2026-03-20,3T,Touch down
2026-03-20,3T,Landing
2026-03-20,3T,Landing
2026-03-20,3T,Touch down
2026-03-20,3T,Touch down
2026-03-20,3T,Landing
2026-03-20,3T,Landing
2026-03-20,3T,Landing
2026-03-20,3T,Touch down
2026-03-20,3T,Landing
2026-03-20,3T,Fall
2026-03-20,3T,Landing
2026-03-20,3S,Landing
2026-03-20,3S,Landing
2026-03-20,3S,Landing
2026-03-20,3S,Landing
2026-03-20,3S,Landing
2026-03-20,3S,Landing
2026-03-20,3S,Landing
2026-03-20,3S,Landing
2026-03-20,3S,Landing
2026-03-21,1A,Landing
2026-03-21,1A,Landing
2026-03-21,1A,Landing
2026-03-21,1A,Landing
2026-03-21,1A,Landing
2026-03-21,1A,Landing
2026-03-21,1A,Landing
2026-03-21,2T,Landing
2026-03-21,2T,Landing
2026-03-21,2T,Landing
2026-03-21,2T,Landing
2026-03-21,2T,Landing
2026-03-21,2T,Landing
2026-03-21,2T,Landing
2026-03-21,2T,Landing
2026-03-21,2T,Landing
2026-03-21,2T,Landing
2026-03-21,2T,Landing
2026-03-21,2T,Landing
2026-03-21,2S,Landing
2026-03-21,2S,Landing
2026-03-21,2S,Landing
2026-03-21,2S,Landing
2026-03-21,2S,Landing
2026-03-21,2S,Landing
2026-03-21,2S,Landing
2026-03-21,2S,Landing
2026-03-21,2S,Landing
2026-03-21,2Lo,Landing
2026-03-21,2Lo,Landing
2026-03-21,2Lo,Landing
2026-03-21,2Lo,Landing
2026-03-21,2Lo,Landing
2026-03-21,2Lo,Landing
2026-03-21,2Lo,Landing
2026-03-21,2Lo,Landing
2026-03-21,2F,Landing
2026-03-21,2F,Landing
2026-03-21,2F,Fall
2026-03-21,2F,Landing
2026-03-21,2F,Landing
2026-03-21,2F,Landing
2026-03-21,2F,Landing
2026-03-21,2F,Landing
2026-03-21,2F,Landing
2026-03-21,2Lz,Landing
2026-03-21,2Lz,Landing
2026-03-21,2Lz,Landing
2026-03-21,2Lz,Landing
2026-03-21,2Lz,Landing
2026-03-21,2Lz,Touch down
2026-03-21,2Lz,Touch down
2026-03-21,2Lz,Landing
2026-03-21,2A,Fall
2026-03-21,2A,Landing
2026-03-21,2A,Landing
2026-03-21,2A,Landing
2026-03-21,2A,Landing
2026-03-21,2A,Landing
2026-03-21,2A,Landing
2026-03-21,2A,Landing
2026-03-21,2A,Landing
2026-03-21,2A,Landing
2026-03-21,2A,Landing
2026-03-21,3T,Landing
2026-03-21,3T,Touch down
2026-03-21,3T,Landing
2026-03-21,3T,Landing
2026-03-21,3T,Landing
2026-03-21,3T,Landing
2026-03-21,3T,Landing
2026-03-21,3T,Fall
2026-03-21,3S,Landing
2026-03-21,3S,Landing
2026-03-21,3S,Landing
2026-03-21,3S,Landing
2026-03-21,3S,Landing
2026-03-21,3S,Landing
2026-03-21,3S,Landing
2026-03-21,3S,Landing
2026-03-21,3S,Landing
2026-03-21,3S,Landing
2026-03-22,1A,Landing
2026-03-22,1A,Landing
2026-03-22,1A,Landing
2026-03-22,1A,Landing
2026-03-22,1A,Landing
2026-03-22,1A,Landing
2026-03-22,1A,Landing
2026-03-22,1A,Landing
2026-03-22,1A,Landing
2026-03-22,1A,Landing
2026-03-22,1A,Landing
2026-03-22,1A,Landing
2026-03-22,2T,Landing
2026-03-22,2T,Landing
2026-03-22,2T,Landing
2026-03-22,2T,Landing
2026-03-22,2T,Landing
2026-03-22,2T,Landing
2026-03-22,2T,Fall
2026-03-22,2T,Landing
2026-03-22,2S,Landing
2026-03-22,2S,Landing
2026-03-22,2S,Landing
2026-03-22,2S,Landing
2026-03-22,2S,Landing
2026-03-22,2S,Landing
2026-03-22,2S,Landing
2026-03-22,2Lo,Landing
2026-03-22,2Lo,Landing
2026-03-22,2Lo,Landing
2026-03-22,2Lo,Landing
2026-03-22,2Lo,Landing
2026-03-22,2Lo,Fall
2026-03-22,2Lo,Landing
2026-03-22,2F,Landing
2026-03-22,2F,Landing
2026-03-22,2F,Landing
2026-03-22,2F,Landing
2026-03-22,2F,Landing
2026-03-22,2F,Landing
2026-03-22,2F,Landing
2026-03-22,2F,Landing
2026-03-22,2F,Touch down
2026-03-22,2Lz,Landing
2026-03-22,2Lz,Landing
2026-03-22,2Lz,Touch down
2026-03-22,2Lz,Landing
2026-03-22,2Lz,Touch down
2026-03-22,2Lz,Landing
2026-03-22,2Lz,Landing
2026-03-22,2Lz,Landing
2026-03-22,2Lz,Landing
2026-03-22,2A,Landing
2026-03-22,2A,Fall
2026-03-22,2A,Landing
2026-03-22,2A,Landing
2026-03-22,2A,Landing
2026-03-22,2A,Landing
2026-03-22,2A,Touch down
2026-03-22,2A,Landing
2026-03-22,2A,Landing
2026-03-22,2A,Landing
2026-03-22,2A,Landing
2026-03-22,3T,Touch down
2026-03-22,3T,Landing
2026-03-22,3T,Touch down
2026-03-22,3T,Landing
2026-03-22,3T,Landing
2026-03-22,3T,Landing
2026-03-22,3T,Landing
2026-03-22,3T,Landing
2026-03-22,3S,Landing
2026-03-22,3S,Landing
2026-03-22,3S,Landing
2026-03-22,3S,Landing
2026-03-22,3S,Landing
2026-03-22,3S,Landing
2026-03-22,3S,Landing
2026-03-22,3S,Landing
2026-03-22,3S,Landing
2026-03-22,3S,Landing
2026-03-22,3S,Landing
2026-03-23,1A,Landing
2026-03-23,1A,Touch down
2026-03-23,1A,Fall
2026-03-23,1A,Landing
2026-03-23,1A,Landing
2026-03-23,1A,Landing
2026-03-23,1A,Landing
2026-03-23,1A,Landing
2026-03-23,1A,Landing
2026-03-23,1A,Landing
2026-03-23,2T,Touch down
2026-03-23,2T,Landing
2026-03-23,2T,Landing
2026-03-23,2T,Landing
2026-03-23,2T,Landing
2026-03-23,2T,Landing
2026-03-23,2T,Landing
2026-03-23,2T,Landing
2026-03-23,2T,Landing
2026-03-23,2T,Landing
2026-03-23,2T,Landing
2026-03-23,2T,Landing
2026-03-23,2T,Landing
2026-03-23,2T,Landing
2026-03-23,2T,Fall
2026-03-23,2T,Fall
2026-03-23,2S,Landing
2026-03-23,2S,Landing
2026-03-23,2S,Landing
2026-03-23,2S,Landing
2026-03-23,2S,Landing
2026-03-23,2S,Landing
2026-03-23,2S,Landing
2026-03-23,2S,Landing
2026-03-23,2S,Landing
2026-03-23,2S,Landing
2026-03-23,2S,Landing
2026-03-23,2S,Landing
2026-03-23,2Lo,Landing
2026-03-23,2Lo,Touch down
2026-03-23,2Lo,Landing
2026-03-23,2Lo,Landing
2026-03-23,2Lo,Landing
2026-03-23,2Lo,Fall
2026-03-23,2Lo,Landing
2026-03-23,2Lo,Landing
2026-03-23,2Lo,Landing
2026-03-23,2Lo,Landing
2026-03-23,2Lo,Touch down
2026-03-23,2Lo,Landing
2026-03-23,2Lo,Fall
2026-03-23,2F,Landing
2026-03-23,2F,Fall
2026-03-23,2F,Landing
2026-03-23,2F,Touch down
2026-03-23,2F,Landing
2026-03-23,2F,Landing
2026-03-23,2F,Landing
2026-03-23,2F,Landing
2026-03-23,2F,Landing
2026-03-23,2F,Touch down
2026-03-23,2F,Landing
2026-03-23,2Lz,Landing
2026-03-23,2Lz,Fall
2026-03-23,2Lz,Landing
2026-03-23,2Lz,Touch down
2026-03-23,2Lz,Landing
2026-03-23,2Lz,Landing
2026-03-23,2Lz,Landing
2026-03-23,2Lz,Landing
2026-03-23,2Lz,Touch down
2026-03-23,2Lz,Fall
2026-03-23,2A,Landing
2026-03-23,2A,Landing
2026-03-23,2A,Landing
2026-03-23,2A,Fall
2026-03-23,2A,Touch down
2026-03-23,2A,Landing
2026-03-23,2A,Landing
2026-03-23,2A,Touch down
2026-03-23,3T,Landing
2026-03-23,3T,Landing
2026-03-23,3T,Touch down
2026-03-23,3T,Fall
2026-03-23,3T,Landing
2026-03-23,3T,Touch down
2026-03-23,3T,Fall
2026-03-23,3T,Landing
2026-03-23,3T,Touch down
2026-03-23,3T,Landing
2026-03-23,3S,Landing
2026-03-23,3S,Landing
2026-03-23,3S,Landing
2026-03-23,3S,Landing
2026-03-23,3S,Landing
2026-03-23,3S,Landing
2026-03-23,3S,Landing
2026-03-24,1A,Landing
2026-03-24,1A,Landing
2026-03-24,1A,Landing
2026-03-24,1A,Landing
2026-03-24,1A,Landing
2026-03-24,1A,Landing
2026-03-24,1A,Touch down
2026-03-24,1A,Fall
2026-03-24,1A,Landing
2026-03-24,1A,Landing
2026-03-24,1A,Landing
2026-03-24,2T,Landing
2026-03-24,2T,Landing
2026-03-24,2T,Landing
2026-03-24,2T,Touch down
2026-03-24,2T,Fall
2026-03-24,2T,Landing
2026-03-24,2T,Landing
2026-03-24,2T,Landing
2026-03-24,2S,Landing
2026-03-24,2S,Landing
2026-03-24,2S,Landing
2026-03-24,2S,Landing
2026-03-24,2S,Landing
2026-03-24,2S,Landing
2026-03-24,2S,Landing
2026-03-24,2S,Landing
2026-03-24,2S,Landing
2026-03-24,2S,Landing
2026-03-24,2S,Landing
2026-03-24,2S,Landing
2026-03-24,2S,Landing
2026-03-24,2S,Landing
2026-03-24,2Lo,Landing
2026-03-24,2Lo,Landing
2026-03-24,2Lo,Landing
2026-03-24,2Lo,Landing
2026-03-24,2Lo,Touch down
2026-03-24,2Lo,Landing
2026-03-24,2Lo,Landing
2026-03-24,2Lo,Touch down
2026-03-24,2Lo,Landing
2026-03-24,2Lo,Landing
2026-03-24,2F,Touch down
2026-03-24,2F,Landing
2026-03-24,2F,Landing
2026-03-24,2F,Touch down
2026-03-24,2F,Landing
2026-03-24,2F,Landing
2026-03-24,2F,Landing
2026-03-24,2Lz,Landing
2026-03-24,2Lz,Touch down
2026-03-24,2Lz,Landing
2026-03-24,2Lz,Fall
2026-03-24,2Lz,Landing
2026-03-24,2Lz,Touch down
2026-03-24,2Lz,Landing
2026-03-24,2Lz,Landing
2026-03-24,2A,Landing
2026-03-24,2A,Landing
2026-03-24,2A,Touch down
2026-03-24,2A,Fall
2026-03-24,2A,Landing
2026-03-24,2A,Fall
2026-03-24,2A,Landing
2026-03-24,2A,Fall
2026-03-24,2A,Landing
2026-03-24,2A,Landing
2026-03-24,2A,Landing
2026-03-24,2A,Landing
2026-03-24,2A,Touch down
2026-03-24,2A,Landing
2026-03-24,3T,Landing
2026-03-24,3T,Landing
2026-03-24,3T,Landing
2026-03-24,3T,Landing
2026-03-24,3T,Touch down
2026-03-24,3T,Landing
2026-03-24,3T,Fall
2026-03-24,3T,Fall
2026-03-24,3T,Touch down
2026-03-24,3S,Landing
2026-03-24,3S,Landing
2026-03-24,3S,Landing
2026-03-24,3S,Landing
2026-03-24,3S,Landing
2026-03-24,3S,Landing
2026-03-24,3S,Landing
2026-03-24,3S,Landing
2026-03-24,3S,Landing
2026-03-24,3S,Landing
2026-03-24,3S,Landing
2026-03-24,3S,Landing
2026-03-24,3S,Landing
2026-03-25,1A,Landing
2026-03-25,1A,Fall
2026-03-25,1A,Landing
2026-03-25,1A,Landing
2026-03-25,1A,Landing
2026-03-25,1A,Landing
2026-03-25,1A,Landing
2026-03-25,1A,Landing
2026-03-25,1A,Landing
2026-03-25,1A,Touch down
2026-03-25,1A,Landing
2026-03-25,2T,Touch down
2026-03-25,2T,Landing
2026-03-25,2T,Landing
2026-03-25,2T,Landing
2026-03-25,2T,Fall
2026-03-25,2T,Landing
2026-03-25,2T,Landing
2026-03-25,2T,Landing
2026-03-25,2T,Landing
2026-03-25,2T,Landing
2026-03-25,2T,Landing
2026-03-25,2T,Landing
2026-03-25,2T,Fall
2026-03-25,2T,Landing
2026-03-25,2T,Landing
2026-03-25,2S,Landing
2026-03-25,2S,Landing
2026-03-25,2S,Landing
2026-03-25,2S,Landing
2026-03-25,2S,Landing
2026-03-25,2S,Landing
2026-03-25,2S,Landing
2026-03-25,2S,Landing
2026-03-25,2Lo,Landing
2026-03-25,2Lo,Landing
2026-03-25,2Lo,Fall
2026-03-25,2Lo,Landing
2026-03-25,2Lo,Landing
2026-03-25,2Lo,Landing
2026-03-25,2Lo,Landing
2026-03-25,2F,Landing
2026-03-25,2F,Touch down
2026-03-25,2F,Touch down
2026-03-25,2F,Landing
2026-03-25,2F,Landing
2026-03-25,2F,Fall
2026-03-25,2F,Landing
2026-03-25,2F,Landing
2026-03-25,2F,Landing
2026-03-25,2F,Landing
2026-03-25,2Lz,Landing
2026-03-25,2Lz,Touch down
2026-03-25,2Lz,Fall
2026-03-25,2Lz,Touch down
2026-03-25,2Lz,Landing
2026-03-25,2Lz,Landing
2026-03-25,2Lz,Landing
2026-03-25,2Lz,Fall
2026-03-25,2Lz,Landing
2026-03-25,2Lz,Landing
2026-03-25,2Lz,Touch down
2026-03-25,2A,Landing
2026-03-25,2A,Landing
2026-03-25,2A,Landing
2026-03-25,2A,Touch down
2026-03-25,2A,Landing
2026-03-25,2A,Landing
2026-03-25,2A,Fall
2026-03-25,2A,Landing
2026-03-25,2A,Landing
2026-03-25,2A,Landing
2026-03-25,2A,Touch down
2026-03-25,2A,Fall
2026-03-25,2A,Landing
2026-03-25,2A,Touch down
2026-03-25,2A,Landing
2026-03-25,3T,Landing
2026-03-25,3T,Landing
2026-03-25,3T,Fall
2026-03-25,3T,Landing
2026-03-25,3T,Fall
2026-03-25,3T,Landing
2026-03-25,3T,Touch down
2026-03-25,3T,Touch down
2026-03-25,3T,Landing
2026-03-25,3S,Landing
2026-03-25,3S,Landing
2026-03-25,3S,Landing
2026-03-25,3S,Landing
2026-03-25,3S,Landing
2026-03-25,3S,Landing
2026-03-25,3S,Landing
2026-03-25,3S,Landing
2026-03-25,3S,Landing
2026-03-25,3S,Landing
2026-03-26,1A,Landing
2026-03-26,1A,Landing
2026-03-26,1A,Touch down
2026-03-26,1A,Landing
2026-03-26,1A,Fall
2026-03-26,1A,Landing
2026-03-26,1A,Landing
2026-03-26,2T,Landing
2026-03-26,2T,Landing
2026-03-26,2T,Landing
2026-03-26,2T,Landing
2026-03-26,2T,Touch down
2026-03-26,2T,Landing
2026-03-26,2T,Fall
2026-03-26,2T,Landing
2026-03-26,2S,Landing
2026-03-26,2S,Landing
2026-03-26,2S,Landing
2026-03-26,2S,Landing
2026-03-26,2S,Landing
2026-03-26,2S,Landing
2026-03-26,2S,Landing
2026-03-26,2S,Landing
2026-03-26,2S,Landing
2026-03-26,2Lo,Landing
2026-03-26,2Lo,Landing
2026-03-26,2Lo,Landing
2026-03-26,2Lo,Fall
2026-03-26,2Lo,Landing
2026-03-26,2Lo,Landing
2026-03-26,2F,Landing
2026-03-26,2F,Landing
2026-03-26,2F,Touch down
2026-03-26,2F,Landing
2026-03-26,2F,Fall
2026-03-26,2F,Landing
2026-03-26,2F,Landing
2026-03-26,2Lz,Landing
2026-03-26,2Lz,Landing
2026-03-26,2Lz,Touch down
2026-03-26,2Lz,Landing
2026-03-26,2Lz,Touch down
2026-03-26,2Lz,Landing
2026-03-26,2Lz,Fall
2026-03-26,2A,Landing
2026-03-26,2A,Touch down
2026-03-26,2A,Landing
2026-03-26,2A,Touch down
2026-03-26,2A,Landing
2026-03-26,2A,Landing
2026-03-26,3T,Touch down
2026-03-26,3T,Fall
2026-03-26,3T,Fall
2026-03-26,3T,Landing
2026-03-26,3T,Landing
2026-03-26,3T,Touch down
2026-03-26,3T,Landing
2026-03-26,3S,Landing
2026-03-26,3S,Landing
2026-03-26,3S,Landing
2026-03-26,3S,Landing
2026-03-26,3S,Landing
2026-03-26,3S,Landing
2026-03-26,3S,Landing
2026-03-27,1A,Landing
2026-03-27,1A,Touch down
2026-03-27,1A,Fall
2026-03-27,1A,Landing
2026-03-27,1A,Landing
2026-03-27,1A,Landing
2026-03-27,1A,Landing
2026-03-27,1A,Landing
2026-03-27,1A,Landing
2026-03-27,1A,Landing
2026-03-27,1A,Landing
2026-03-27,2T,Landing
2026-03-27,2T,Landing
2026-03-27,2T,Landing
2026-03-27,2T,Touch down
2026-03-27,2T,Landing
2026-03-27,2T,Landing
2026-03-27,2T,Landing
2026-03-27,2T,Landing
2026-03-27,2T,Fall
2026-03-27,2T,Landing
2026-03-27,2T,Landing
2026-03-27,2T,Landing
2026-03-27,2S,Landing
2026-03-27,2S,Landing
2026-03-27,2S,Landing
2026-03-27,2S,Landing
2026-03-27,2S,Landing
2026-03-27,2S,Landing
2026-03-27,2S,Landing
2026-03-27,2S,Landing
2026-03-27,2S,Landing
2026-03-27,2Lo,Fall
2026-03-27,2Lo,Landing
2026-03-27,2Lo,Landing
2026-03-27,2Lo,Landing
2026-03-27,2Lo,Landing
2026-03-27,2Lo,Landing
2026-03-27,2Lo,Landing
2026-03-27,2Lo,Touch down
2026-03-27,2Lo,Landing
2026-03-27,2Lo,Landing
2026-03-27,2F,Landing
2026-03-27,2F,Landing
2026-03-27,2F,Landing
2026-03-27,2F,Landing
2026-03-27,2F,Touch down
2026-03-27,2F,Landing
2026-03-27,2F,Landing
2026-03-27,2F,Fall
2026-03-27,2F,Landing
2026-03-27,2F,Touch down
2026-03-27,2F,Landing
2026-03-27,2Lz,Landing
2026-03-27,2Lz,Fall
2026-03-27,2Lz,Landing
2026-03-27,2Lz,Touch down
2026-03-27,2Lz,Touch down
2026-03-27,2Lz,Landing
2026-03-27,2Lz,Landing
2026-03-27,2Lz,Fall
2026-03-27,2Lz,Landing
2026-03-27,2A,Touch down
2026-03-27,2A,Landing
2026-03-27,2A,Landing
2026-03-27,2A,Landing
2026-03-27,2A,Landing
2026-03-27,2A,Landing
2026-03-27,2A,Landing
2026-03-27,2A,Fall
2026-03-27,3T,Fall
2026-03-27,3T,Landing
2026-03-27,3T,Landing
2026-03-27,3T,Touch down
2026-03-27,3T,Landing
2026-03-27,3T,Touch down
2026-03-27,3T,Landing
2026-03-27,3T,Touch down
2026-03-27,3T,Fall
2026-03-27,3T,Landing
2026-03-27,3S,Landing
2026-03-27,3S,Landing
2026-03-27,3S,Landing
2026-03-27,3S,Landing
2026-03-27,3S,Landing
2026-03-27,3S,Landing
2026-03-27,3S,Landing
2026-03-27,3S,Landing
2026-03-27,3S,Landing
2026-03-27,3S,Landing
2026-03-27,3S,Landing
2026-03-28,1A,Landing
2026-03-28,1A,Landing
2026-03-28,1A,Landing
2026-03-28,1A,Fall
2026-03-28,1A,Landing
2026-03-28,1A,Touch down
2026-03-28,1A,Landing
2026-03-28,2T,Touch down
2026-03-28,2T,Fall
2026-03-28,2T,Landing
2026-03-28,2T,Landing
2026-03-28,2T,Landing
2026-03-28,2T,Landing
2026-03-28,2T,Landing
2026-03-28,2T,Landing
2026-03-28,2S,Landing
2026-03-28,2S,Landing
2026-03-28,2S,Landing
2026-03-28,2S,Landing
2026-03-28,2S,Landing
2026-03-28,2S,Landing
2026-03-28,2Lo,Landing
2026-03-28,2Lo,Landing
2026-03-28,2Lo,Landing
2026-03-28,2Lo,Landing
2026-03-28,2Lo,Landing
2026-03-28,2Lo,Landing
2026-03-28,2Lo,Landing
2026-03-28,2Lo,Touch down
2026-03-28,2Lo,Touch down
2026-03-28,2Lo,Landing
2026-03-28,2F,Landing
2026-03-28,2F,Fall
2026-03-28,2F,Landing
2026-03-28,2F,Touch down
2026-03-28,2F,Landing
2026-03-28,2F,Landing
2026-03-28,2F,Landing
2026-03-28,2F,Landing
2026-03-28,2F,Landing
2026-03-28,2F,Touch down
2026-03-28,2Lz,Landing
2026-03-28,2Lz,Landing
2026-03-28,2Lz,Fall
2026-03-28,2Lz,Landing
2026-03-28,2Lz,Touch down
2026-03-28,2Lz,Landing
2026-03-28,2Lz,Landing
2026-03-28,2Lz,Touch down
2026-03-28,2A,Landing
2026-03-28,2A,Fall
2026-03-28,2A,Landing
2026-03-28,2A,Landing
2026-03-28,2A,Landing
2026-03-28,2A,Fall
2026-03-28,2A,Landing
2026-03-28,2A,Landing
2026-03-28,2A,Touch down
2026-03-28,2A,Touch down
2026-03-28,2A,Landing
2026-03-28,3T,Landing
2026-03-28,3T,Fall
2026-03-28,3T,Landing
2026-03-28,3T,Touch down
2026-03-28,3T,Touch down
2026-03-28,3T,Landing
2026-03-28,3T,Fall
2026-03-28,3T,Touch down
2026-03-28,3T,Landing
2026-03-28,3S,Landing
2026-03-28,3S,Landing
2026-03-28,3S,Landing
2026-03-28,3S,Landing
2026-03-28,3S,Landing
2026-03-28,3S,Landing
2026-03-28,3S,Landing
2026-03-28,3S,Landing
2026-03-28,3S,Landing
2026-03-28,3S,Landing
2026-03-29,1A,Touch down
2026-03-29,1A,Landing
2026-03-29,1A,Landing
2026-03-29,1A,Landing
2026-03-29,1A,Landing
2026-03-29,1A,Fall
2026-03-29,1A,Landing
2026-03-29,1A,Landing
2026-03-29,2T,Landing
2026-03-29,2T,Landing
2026-03-29,2T,Fall
2026-03-29,2T,Landing
2026-03-29,2T,Landing
2026-03-29,2T,Touch down
2026-03-29,2T,Landing
2026-03-29,2T,Landing
2026-03-29,2T,Landing
2026-03-29,2T,Landing
2026-03-29,2T,Fall
2026-03-29,2T,Landing
2026-03-29,2S,Landing
2026-03-29,2S,Landing
2026-03-29,2S,Landing
2026-03-29,2S,Landing
2026-03-29,2S,Landing
2026-03-29,2S,Landing
2026-03-29,2S,Landing
2026-03-29,2S,Landing
2026-03-29,2S,Landing
2026-03-29,2S,Landing
2026-03-29,2S,Landing
2026-03-29,2S,Landing
2026-03-29,2Lo,Touch down
2026-03-29,2Lo,Landing
2026-03-29,2Lo,Landing
2026-03-29,2Lo,Landing
2026-03-29,2Lo,Landing
2026-03-29,2Lo,Landing
2026-03-29,2Lo,Fall
2026-03-29,2Lo,Landing
2026-03-29,2Lo,Landing
2026-03-29,2Lo,Landing
2026-03-29,2Lo,Landing
2026-03-29,2Lo,Fall
2026-03-29,2F,Landing
2026-03-29,2F,Landing
2026-03-29,2F,Fall
2026-03-29,2F,Landing
2026-03-29,2F,Touch down
2026-03-29,2F,Landing
2026-03-29,2F,Landing
2026-03-29,2F,Landing
2026-03-29,2Lz,Touch down
2026-03-29,2Lz,Landing
2026-03-29,2Lz,Touch down
2026-03-29,2Lz,Landing
2026-03-29,2Lz,Landing
2026-03-29,2Lz,Touch down
2026-03-29,2Lz,Fall
2026-03-29,2Lz,Landing
2026-03-29,2A,Fall
2026-03-29,2A,Landing
2026-03-29,2A,Landing
2026-03-29,2A,Landing
2026-03-29,2A,Landing
2026-03-29,2A,Landing
2026-03-29,2A,Fall
2026-03-29,2A,Touch down
2026-03-29,2A,Touch down
2026-03-29,2A,Landing
2026-03-29,3T,Touch down
2026-03-29,3T,Landing
2026-03-29,3T,Fall
2026-03-29,3T,Touch down
2026-03-29,3T,Landing
2026-03-29,3T,Touch down
2026-03-29,3T,Landing
2026-03-29,3T,Fall
2026-03-29,3T,Fall
2026-03-29,3T,Landing
2026-03-29,3T,Landing
2026-03-29,3T,Landing
2026-03-29,3S,Landing
2026-03-29,3S,Landing
2026-03-29,3S,Landing
2026-03-29,3S,Landing
2026-03-29,3S,Landing
2026-03-29,3S,Landing
2026-03-29,3S,Landing
2026-03-29,3S,Landing
2026-03-29,3S,Landing
2026-03-29,3S,Landing
2026-03-30,1A,Landing
2026-03-30,1A,Landing
2026-03-30,1A,Landing
2026-03-30,1A,Touch down
2026-03-30,1A,Landing
2026-03-30,1A,Fall
2026-03-30,1A,Landing
2026-03-30,1A,Landing
2026-03-30,1A,Landing
2026-03-30,1A,Landing
2026-03-30,2T,Landing
2026-03-30,2T,Landing
2026-03-30,2T,Landing
2026-03-30,2T,Landing
2026-03-30,2T,Fall
2026-03-30,2T,Landing
2026-03-30,2T,Touch down
2026-03-30,2S,Landing
2026-03-30,2S,Landing
2026-03-30,2S,Landing
2026-03-30,2S,Landing
2026-03-30,2S,Landing
2026-03-30,2S,Landing
2026-03-30,2Lo,Landing
2026-03-30,2Lo,Landing
2026-03-30,2Lo,Touch down
2026-03-30,2Lo,Landing
2026-03-30,2Lo,Landing
2026-03-30,2Lo,Landing
2026-03-30,2F,Landing
2026-03-30,2F,Landing
2026-03-30,2F,Touch down
2026-03-30,2F,Landing
2026-03-30,2F,Landing
2026-03-30,2F,Landing
2026-03-30,2F,Landing
2026-03-30,2F,Fall
2026-03-30,2F,Landing
2026-03-30,2Lz,Landing
2026-03-30,2Lz,Fall
2026-03-30,2Lz,Landing
2026-03-30,2Lz,Landing
2026-03-30,2Lz,Fall
2026-03-30,2Lz,Touch down
2026-03-30,2Lz,Landing
2026-03-30,2Lz,Touch down
2026-03-30,2A,Landing
2026-03-30,2A,Landing
2026-03-30,2A,Touch down
2026-03-30,2A,Landing
2026-03-30,2A,Landing
2026-03-30,2A,Fall
2026-03-30,2A,Fall
2026-03-30,2A,Landing
2026-03-30,3T,Landing
2026-03-30,3T,Fall
2026-03-30,3T,Touch down
2026-03-30,3T,Fall
2026-03-30,3T,Landing
2026-03-30,3T,Landing
2026-03-30,3S,Landing
2026-03-30,3S,Landing
2026-03-30,3S,Landing
2026-03-30,3S,Landing
2026-03-30,3S,Landing
2026-03-30,3S,Landing
2026-03-30,3S,Landing
2026-03-31,1A,Landing
2026-03-31,1A,Landing
2026-03-31,1A,Landing
2026-03-31,1A,Fall
2026-03-31,1A,Landing
2026-03-31,1A,Landing
2026-03-31,1A,Landing
2026-03-31,1A,Landing
2026-03-31,2T,Landing
2026-03-31,2T,Fall
2026-03-31,2T,Landing
2026-03-31,2T,Landing
2026-03-31,2T,Touch down
2026-03-31,2T,Landing
2026-03-31,2T,Landing
2026-03-31,2T,Landing
2026-03-31,2T,Landing
2026-03-31,2T,Landing
2026-03-31,2S,Landing
2026-03-31,2S,Landing
2026-03-31,2S,Landing
2026-03-31,2S,Landing
2026-03-31,2S,Landing
2026-03-31,2S,Landing
2026-03-31,2S,Landing
2026-03-31,2Lo,Touch down
2026-03-31,2Lo,Landing
2026-03-31,2Lo,Fall
2026-03-31,2Lo,Landing
2026-03-31,2Lo,Landing
2026-03-31,2Lo,Landing
2026-03-31,2Lo,Landing
2026-03-31,2Lo,Landing
2026-03-31,2Lo,Touch down
2026-03-31,2F,Fall
2026-03-31,2F,Landing
2026-03-31,2F,Landing
2026-03-31,2F,Landing
2026-03-31,2F,Landing
2026-03-31,2F,Landing
2026-03-31,2F,Touch down
2026-03-31,2F,Fall
2026-03-31,2F,Landing
2026-03-31,2Lz,Landing
2026-03-31,2Lz,Landing
2026-03-31,2Lz,Landing
2026-03-31,2Lz,Landing
2026-03-31,2Lz,Landing
2026-03-31,2Lz,Landing
2026-03-31,2Lz,Touch down
2026-03-31,2Lz,Fall
2026-03-31,2Lz,Fall
2026-03-31,2A,Landing
2026-03-31,2A,Landing
2026-03-31,2A,Landing
2026-03-31,2A,Landing
2026-03-31,2A,Fall
2026-03-31,2A,Touch down
2026-03-31,2A,Landing
2026-03-31,3T,Landing
2026-03-31,3T,Landing
2026-03-31,3T,Fall
2026-03-31,3T,Touch down
2026-03-31,3T,Landing
2026-03-31,3T,Landing
2026-03-31,3T,Fall
2026-03-31,3S,Landing
2026-03-31,3S,Landing
2026-03-31,3S,Landing
2026-03-31,3S,Landing
2026-03-31,3S,Landing
2026-03-31,3S,Landing
2026-03-31,3S,Landing
2026-03-31,3S,Landing
2026-03-31,3S,Landing
